key,en,ru,zh-Hans,ja,ko,de,fr,es,pt-BR,it,pl,uk,be,tr
menu.nickname_placeholder,Enter nickname,Введите ник,输入昵称,ニックネームを入力,닉네임 입력,Spitzname eingeben,Entrez un pseudo,Escribe tu apodo,Digite seu apelido,Inserisci nickname,Wpisz nick,Введіть нік,Увядзіце нік,Takma ad gir
menu.random_nickname,Random,Случайный,随机,ランダム,랜덤,Zufällig,Aléatoire,Aleatorio,Aleatório,Casuale,Losowy,Випадковий,Выпадковы,Rastgele
menu.play_with_bots,Play with bots,Играть с ботами,与机器人对战,ボットと遊ぶ,봇과 플레이,Mit Bots spielen,Jouer contre des bots,Jugar con bots,Jogar com bots,Gioca con i bot,Graj z botami,Грати з ботами,Гуляць з ботамі,Botlarla oyna
menu.create_room,Create room,Создать комнату,创建房间,ルームを作成,방 만들기,Raum erstellen,Créer une salle,Crear sala,Criar sala,Crea stanza,Utwórz pokój,Створити кімнату,Стварыць пакой,Oda oluştur
menu.join_room,Join,Войти,加入,参加,참가,Beitreten,Rejoindre,Unirse,Entrar,Entra,Dołącz,Увійти,Увайсці,Katıl
menu.room_code_placeholder,Room code,Код комнаты,房间代码,ルームコード,방 코드,Raumcode,Code de salle,Código de sala,Código da sala,Codice stanza,Kod pokoju,Код кімнати,Код пакоя,Oda kodu
menu.settings,Settings,Настройки,设置,設定,설정,Einstellungen,Paramètres,Ajustes,Configurações,Impostazioni,Ustawienia,Налаштування,Налады,Ayarlar
menu.best_score,Best: {0},Рекорд: {0},最高分：{0},ベスト：{0},최고 점수: {0},Rekord: {0},Record : {0},Récord: {0},Recorde: {0},Record: {0},Rekord: {0},Рекорд: {0},Рэкорд: {0},En iyi: {0}
menu.online,Online,Онлайн,在线,オンライン,온라인,Online,En ligne,En línea,Online,Online,Online,Онлайн,Анлайн,Çevrimiçi
menu.color,Color,Цвет,颜色,カラー,색상,Farbe,Couleur,Color,Cor,Colore,Kolor,Колір,Колер,Renk
status.ready,Ready to play,Готово к игре,准备就绪,準備完了,플레이 준비 완료,Bereit zum Spielen,Prêt à jouer,Listo para jugar,Pronto para jogar,Pronto a giocare,Gotowy do gry,Готово до гри,Гатова да гульні,Oynamaya hazır
status.creating_room,Creating room...,Создание комнаты...,正在创建房间...,ルームを作成中...,방 만드는 중...,Raum wird erstellt...,Création de la salle...,Creando sala...,Criando sala...,Creazione stanza...,Tworzenie pokoju...,Створення кімнати...,Стварэнне пакоя...,Oda oluşturuluyor...
status.room_created,Room created. Code: {0},Комната создана. Код: {0},房间已创建。代码：{0},ルームを作成しました。コード：{0},방이 생성되었습니다. 코드: {0},Raum erstellt. Code: {0},Salle créée. Code : {0},Sala creada. Código: {0},Sala criada. Código: {0},Stanza creata. Codice: {0},Pokój utworzony. Kod: {0},Кімнату створено. Код: {0},Пакой створаны. Код: {0},Oda oluşturuldu. Kod: {0}
status.connecting,Connecting to room {0}...,Подключение к комнате {0}...,正在连接房间 {0}...,ルーム {0} に接続中...,방 {0}에 연결 중...,Verbinde mit Raum {0}...,Connexion à la salle {0}...,Conectando a la sala {0}...,Conectando à sala {0}...,Connessione alla stanza {0}...,Łączenie z pokojem {0}...,Підключення до кімнати {0}...,Падключэнне да пакоя {0}...,{0} odasına bağlanılıyor...
status.starting_solo,Starting game...,Запуск игры...,正在开始游戏...,ゲームを開始中...,게임 시작 중...,Spiel wird gestartet...,Lancement de la partie...,Iniciando partida...,Iniciando partida...,Avvio partita...,Uruchamianie gry...,Запуск гри...,Запуск гульні...,Oyun başlatılıyor...
status.loading,Loading...,Загрузка...,加载中...,読み込み中...,로딩 중...,Lädt...,Chargement...,Cargando...,Carregando...,Caricamento...,Ładowanie...,Завантаження...,Загрузка...,Yükleniyor...
status.leaving,Leaving...,Выход...,正在退出...,退出中...,나가는 중...,Verlassen...,Déconnexion...,Saliendo...,Saindo...,Uscita...,Wychodzenie...,Вихід...,Выхад...,Çıkılıyor...
status.failed,Connection failed. Check the room code and your internet.,Не удалось подключиться. Проверьте код комнаты и интернет.,连接失败。请检查房间代码和网络。,接続に失敗しました。ルームコードとネット接続を確認してください。,연결에 실패했습니다. 방 코드와 인터넷을 확인하세요.,Verbindung fehlgeschlagen. Prüfe den Raumcode und dein Internet.,Échec de la connexion. Vérifiez le code de salle et votre connexion.,Error de conexión. Revisa el código de sala y tu internet.,Falha na conexão. Verifique o código da sala e sua internet.,Connessione non riuscita. Controlla il codice stanza e la connessione.,Nie udało się połączyć. Sprawdź kod pokoju i internet.,Не вдалося підключитися. Перевірте код кімнати та інтернет.,Не ўдалося падключыцца. Праверце код пакоя і інтэрнэт.,Bağlantı başarısız. Oda kodunu ve internetini kontrol et.
status.enter_room_code,Enter a room code,Введите код комнаты,请输入房间代码,ルームコードを入力してください,방 코드를 입력하세요,Gib einen Raumcode ein,Entrez un code de salle,Introduce un código de sala,Digite um código de sala,Inserisci un codice stanza,Wpisz kod pokoju,Введіть код кімнати,Увядзіце код пакоя,Bir oda kodu gir
status.host_left,The host left the game,Хост покинул игру,房主已离开游戏,ホストがゲームを退出しました,호스트가 게임을 나갔습니다,Der Host hat das Spiel verlassen,L'hôte a quitté la partie,El anfitrión salió de la partida,O anfitrião saiu da partida,L'host ha lasciato la partita,Gospodarz opuścił grę,Хост покинув гру,Хост пакінуў гульню,Oda sahibi oyundan ayrıldı
status.room_full,The room is full,Комната заполнена,房间已满,ルームは満員です,방이 가득 찼습니다,Der Raum ist voll,La salle est pleine,La sala está llena,A sala está cheia,La stanza è piena,Pokój jest pełny,Кімната заповнена,Пакой запоўнены,Oda dolu
status.version_mismatch,Update the game to join this room,"Обновите игру, чтобы войти в эту комнату",请更新游戏以加入此房间,このルームに参加するにはゲームを更新してください,이 방에 참가하려면 게임을 업데이트하세요,"Aktualisiere das Spiel, um diesem Raum beizutreten",Mettez le jeu à jour pour rejoindre cette salle,Actualiza el juego para unirte a esta sala,Atualize o jogo para entrar nesta sala,Aggiorna il gioco per entrare in questa stanza,"Zaktualizuj grę, aby dołączyć do tego pokoju","Оновіть гру, щоб увійти до цієї кімнати","Абнавіце гульню, каб увайсці ў гэты пакой",Bu odaya katılmak için oyunu güncelle
settings.title,Settings,Настройки,设置,設定,설정,Einstellungen,Paramètres,Ajustes,Configurações,Impostazioni,Ustawienia,Налаштування,Налады,Ayarlar
settings.music,Music,Музыка,音乐,音楽,음악,Musik,Musique,Música,Música,Musica,Muzyka,Музика,Музыка,Müzik
settings.sound,Sound effects,Звуки,音效,効果音,효과음,Soundeffekte,Effets sonores,Efectos de sonido,Efeitos sonoros,Effetti sonori,Efekty dźwiękowe,Звукові ефекти,Гукавыя эфекты,Ses efektleri
settings.language,Language,Язык,语言,言語,언어,Sprache,Langue,Idioma,Idioma,Lingua,Język,Мова,Мова,Dil
settings.haptics,Vibration,Вибрация,振动,振動,진동,Vibration,Vibration,Vibración,Vibração,Vibrazione,Wibracje,Вібрація,Вібрацыя,Titreşim
settings.ad_privacy,Ad privacy,Конфиденциальность рекламы,广告隐私,広告のプライバシー,광고 개인정보,Werbe-Datenschutz,Confidentialité des pubs,Privacidad de anuncios,Privacidade de anúncios,Privacy annunci,Prywatność reklam,Конфіденційність реклами,Прыватнасць рэкламы,Reklam gizliliği
settings.close,Close,Закрыть,关闭,閉じる,닫기,Schließen,Fermer,Cerrar,Fechar,Chiudi,Zamknij,Закрити,Закрыць,Kapat
hud.single_player,Single player,Одиночная игра,单人游戏,シングルプレイ,싱글 플레이,Einzelspieler,Solo,Un jugador,Um jogador,Giocatore singolo,Gra solo,Одиночна гра,Адзіночная гульня,Tek oyuncu
hud.room,Room {0},Комната {0},房间 {0},ルーム {0},방 {0},Raum {0},Salle {0},Sala {0},Sala {0},Stanza {0},Pokój {0},Кімната {0},Пакой {0},Oda {0}
hud.players,Players: {0}/{1},Игроки: {0}/{1},玩家：{0}/{1},プレイヤー：{0}/{1},플레이어: {0}/{1},Spieler: {0}/{1},Joueurs : {0}/{1},Jugadores: {0}/{1},Jogadores: {0}/{1},Giocatori: {0}/{1},Gracze: {0}/{1},Гравці: {0}/{1},Гульцы: {0}/{1},Oyuncular: {0}/{1}
hud.rank,Rank: #{0}/{1},Место: #{0}/{1},排名：#{0}/{1},順位：#{0}/{1},순위: #{0}/{1},Platz: #{0}/{1},Rang : #{0}/{1},Puesto: #{0}/{1},Posição: #{0}/{1},Posizione: #{0}/{1},Miejsce: #{0}/{1},Місце: #{0}/{1},Месца: #{0}/{1},Sıra: #{0}/{1}
hud.leaders,Leaders,Лидеры,排行榜,ランキング,리더보드,Bestenliste,Classement,Líderes,Líderes,Classifica,Liderzy,Лідери,Лідары,Liderler
hud.hint_touch,Drag to steer • Hold the button to boost,Ведите пальцем для управления • Удерживайте кнопку для ускорения,拖动控制方向 • 按住按钮加速,ドラッグで操作 • ボタン長押しでブースト,드래그로 조종 • 버튼을 누르고 있으면 부스트,Ziehen zum Steuern • Taste halten für Boost,Glissez pour diriger • Maintenez le bouton pour accélérer,Arrastra para dirigir • Mantén el botón para acelerar,Arraste para dirigir • Segure o botão para acelerar,Trascina per guidare • Tieni premuto il pulsante per accelerare,"Przeciągnij, by sterować • Przytrzymaj przycisk, by przyspieszyć",Ведіть пальцем для керування • Утримуйте кнопку для прискорення,Вядзіце пальцам для кіравання • Утрымлівайце кнопку для паскарэння,Yönlendirmek için sürükle • Hızlanmak için düğmeyi basılı tut
hud.you_ate,You ate {0},Вы съели {0},你吃掉了 {0},{0} を食べた,{0}을(를) 먹었습니다,Du hast {0} gefressen,Vous avez mangé {0},Te comiste a {0},Você comeu {0},Hai mangiato {0},Zjadasz: {0},Ви з’їли {0},Вы з’елі {0},{0} oyuncusunu yedin
hud.you_lost,You lost,Вы проиграли,你输了,やられた！,패배했습니다,Verloren,Perdu,Has perdido,Você perdeu,Hai perso,Przegrana,Ви програли,Вы прайгралі,Kaybettin
hud.final_score,Score {0}\nBest {1},Счёт {0}\nРекорд {1},得分 {0}\n最高 {1},スコア {0}\nベスト {1},점수 {0}\n최고 {1},Punkte {0}\nRekord {1},Score {0}\nRecord {1},Puntos {0}\nRécord {1},Pontos {0}\nRecorde {1},Punteggio {0}\nRecord {1},Wynik {0}\nRekord {1},Рахунок {0}\nРекорд {1},Лік {0}\nРэкорд {1},Skor {0}\nEn iyi {1}
hud.play_again,Play again,Играть снова,再玩一次,もう一度,다시 하기,Nochmal spielen,Rejouer,Jugar de nuevo,Jogar de novo,Gioca ancora,Zagraj ponownie,Грати знову,Гуляць зноў,Tekrar oyna
hud.watch_ad,Continue (ad),Продолжить (реклама),继续（广告）,続ける（広告）,계속하기(광고),Weiter (Werbung),Continuer (pub),Continuar (anuncio),Continuar (anúncio),Continua (pubblicità),Kontynuuj (reklama),Продовжити (реклама),Працягнуць (рэклама),Devam et (reklam)
hud.leave,Menu,Меню,菜单,メニュー,메뉴,Menü,Menu,Menú,Menu,Menu,Menu,Меню,Меню,Menü
hud.boost,Boost,Ускорение,加速,ブースト,부스트,Boost,Boost,Turbo,Turbo,Boost,Turbo,Прискорення,Паскарэнне,Hız
hud.back_to_leave,Press back again to leave the match,"Нажмите «Назад» ещё раз, чтобы выйти",再按一次返回键退出对局,もう一度戻るを押すと退出します,한 번 더 뒤로 가기를 누르면 나갑니다,"Nochmal Zurück drücken, um das Spiel zu verlassen",Appuyez à nouveau sur Retour pour quitter,Pulsa atrás otra vez para salir,Pressione voltar novamente para sair,Premi di nuovo Indietro per uscire,"Naciśnij Wstecz ponownie, aby wyjść","Натисніть «Назад» ще раз, щоб вийти","Націсніце «Назад» яшчэ раз, каб выйсці",Çıkmak için tekrar geri tuşuna bas
hud.kill_feed,{0} ate {1},{0} съел {1},{0} 吃掉了 {1},{0} が {1} を食べた,{0}이(가) {1}을(를) 먹었습니다,{0} hat {1} gefressen,{0} a mangé {1},{0} se comió a {1},{0} comeu {1},{0} ha mangiato {1},{0} zjada: {1},{0} з’їв {1},{0} з’еў {1},"{0}, {1} oyuncusunu yedi"
tutorial.eat,Eat glowing food to grow,"Ешьте светящуюся еду, чтобы расти",吃发光的食物来变大,光る食べ物を食べて大きくなろう,빛나는 먹이를 먹고 성장하세요,"Friss leuchtende Nahrung, um zu wachsen",Mangez la nourriture lumineuse pour grandir,Come la comida brillante para crecer,Coma a comida brilhante para crescer,Mangia il cibo luminoso per crescere,"Jedz świecące jedzenie, aby rosnąć","Їжте сяючу їжу, щоб рости","Ешце ззяючую ежу, каб расці",Büyümek için parlayan yemleri ye
tutorial.avoid,"Eat smaller planets, run from bigger ones","Ешьте планеты поменьше, убегайте от больших",吃掉更小的星球，远离更大的,小さい惑星を食べ、大きい惑星から逃げよう,작은 행성을 먹고 큰 행성은 피하세요,"Friss kleinere Planeten, flieh vor größeren","Mangez les planètes plus petites, fuyez les plus grandes","Come planetas más pequeños, huye de los grandes","Coma planetas menores, fuja dos maiores","Mangia i pianeti più piccoli, scappa da quelli grandi","Zjadaj mniejsze planety, uciekaj przed większymi","Їжте менші планети, тікайте від більших","Ешце меншыя планеты, уцякайце ад большых","Küçük gezegenleri ye, büyüklerden kaç"
tutorial.boost,Boost costs mass — use it to escape or hunt,Ускорение тратит массу — используйте его для побега или охоты,加速会消耗质量——用来逃跑或狩猎,ブーストは質量を消費する——逃走や狩りに使おう,부스트는 질량을 소모합니다 — 도망치거나 사냥할 때 쓰세요,Boost kostet Masse – nutze ihn zur Flucht oder Jagd,Le boost coûte de la masse — utilisez-le pour fuir ou chasser,El turbo gasta masa: úsalo para huir o cazar,O turbo gasta massa — use para fugir ou caçar,Il boost consuma massa: usalo per fuggire o cacciare,Turbo zużywa masę — używaj go do ucieczki lub polowania,Прискорення витрачає масу — використовуйте його для втечі або полювання,Паскарэнне траціць масу — выкарыстоўвайце яго для ўцёкаў або палявання,Hız kütle harcar — kaçmak ya da avlanmak için kullan
menu.quick_play,Quick play,Быстрая игра,快速游戏,クイックプレイ,빠른 게임,Schnelles Spiel,Partie rapide,Partida rápida,Partida rápida,Partita veloce,Szybka gra,Швидка гра,Хуткая гульня,Hızlı oyun
status.searching,Searching for a match...,Поиск игры...,正在寻找对局...,対戦相手を探しています...,게임을 찾는 중...,Suche nach einem Spiel...,Recherche d'une partie...,Buscando partida...,Procurando partida...,Ricerca partita...,Szukanie gry...,Пошук гри...,Пошук гульні...,Maç aranıyor...
menu.planet,Planet,Планета,星球,惑星,행성,Planet,Planète,Planeta,Planeta,Pianeta,Planeta,Планета,Планета,Gezegen
menu.skin_locked,Ad,Реклама,广告,広告,광고,Werbung,Pub,Anuncio,Anúncio,Video,Reklama,Реклама,Рэклама,Reklam
